year,count_date,fish_count,Species,Species_ID,count_location,count_location_ID
2024,7/1/24,6366,Sockeye,420,Kenai River (late-run sockeye),40
2024,7/2/24,5484,Sockeye,420,Kenai River (late-run sockeye),40
2024,7/3/24,9630,Sockeye,420,Kenai River (late-run sockeye),40
2024,7/4/24,13590,Sockeye,420,Kenai River (late-run sockeye),40
2024,7/5/24,18120,Sockeye,420,Kenai River (late-run sockeye),40
2024,7/6/24,32928,Sockeye,420,Kenai River (late-run sockeye),40
2024,7/7/24,35551,Sockeye,420,Kenai River (late-run sockeye),40
2024,7/8/24,56130,Sockeye,420,Kenai River (late-run sockeye),40
2024,7/9/24,48342,Sockeye,420,Kenai River (late-run sockeye),40
2024,7/10/24,34416,Sockeye,420,Kenai River (late-run sockeye),40
2024,7/11/24,25675,Sockeye,420,Kenai River (late-run sockeye),40
2024,7/12/24,21378,Sockeye,420,Kenai River (late-run sockeye),40
2024,7/13/24,26940,Sockeye,420,Kenai River (late-run sockeye),40
2024,7/14/24,18882,Sockeye,420,Kenai River (late-run sockeye),40
2024,7/15/24,21360,Sockeye,420,Kenai River (late-run sockeye),40
2024,7/16/24,30725,Sockeye,420,Kenai River (late-run sockeye),40
2024,7/17/24,191328,Sockeye,420,Kenai River (late-run sockeye),40
2024,7/18/24,154944,Sockeye,420,Kenai River (late-run sockeye),40
2024,7/19/24,123186,Sockeye,420,Kenai River (late-run sockeye),40
2024,7/20/24,69468,Sockeye,420,Kenai River (late-run sockeye),40
2024,7/21/24,32229,Sockeye,420,Kenai River (late-run sockeye),40
2024,7/22/24,24936,Sockeye,420,Kenai River (late-run sockeye),40
2024,7/23/24,28009,Sockeye,420,Kenai River (late-run sockeye),40
2024,7/24/24,92949,Sockeye,420,Kenai River (late-run sockeye),40
2024,7/25/24,157434,Sockeye,420,Kenai River (late-run sockeye),40
2024,7/26/24,102624,Sockeye,420,Kenai River (late-run sockeye),40
2024,7/27/24,74358,Sockeye,420,Kenai River (late-run sockeye),40
2024,7/28/24,67674,Sockeye,420,Kenai River (late-run sockeye),40
2024,7/29/24,70914,Sockeye,420,Kenai River (late-run sockeye),40
2024,7/30/24,53434,Sockeye,420,Kenai River (late-run sockeye),40
2024,7/31/24,46566,Sockeye,420,Kenai River (late-run sockeye),40
2024,8/1/24,48884,Sockeye,420,Kenai River (late-run sockeye),40
2024,8/2/24,37498,Sockeye,420,Kenai River (late-run sockeye),40
2024,8/3/24,33726,Sockeye,420,Kenai River (late-run sockeye),40
2024,8/4/24,24139,Sockeye,420,Kenai River (late-run sockeye),40
2024,8/5/24,22052,Sockeye,420,Kenai River (late-run sockeye),40
2024,8/6/24,17847,Sockeye,420,Kenai River (late-run sockeye),40
2024,8/7/24,27839,Sockeye,420,Kenai River (late-run sockeye),40
2024,8/8/24,6858,Sockeye,420,Kenai River (late-run sockeye),40
2024,8/9/24,11937,Sockeye,420,Kenai River (late-run sockeye),40
2023,7/1/23,3960,Sockeye,420,Kenai River (late-run sockeye),40
2023,7/2/23,3902,Sockeye,420,Kenai River (late-run sockeye),40
2023,7/3/23,2598,Sockeye,420,Kenai River (late-run sockeye),40
2023,7/4/23,3132,Sockeye,420,Kenai River (late-run sockeye),40
2023,7/5/23,3887,Sockeye,420,Kenai River (late-run sockeye),40
2023,7/6/23,3588,Sockeye,420,Kenai River (late-run sockeye),40
2023,7/7/23,3084,Sockeye,420,Kenai River (late-run sockeye),40
2023,7/8/23,4247,Sockeye,420,Kenai River (late-run sockeye),40
2023,7/9/23,6791,Sockeye,420,Kenai River (late-run sockeye),40
2023,7/10/23,8064,Sockeye,420,Kenai River (late-run sockeye),40
2023,7/11/23,7950,Sockeye,420,Kenai River (late-run sockeye),40
2023,7/12/23,4686,Sockeye,420,Kenai River (late-run sockeye),40
2023,7/13/23,2838,Sockeye,420,Kenai River (late-run sockeye),40
2023,7/14/23,5250,Sockeye,420,Kenai River (late-run sockeye),40
2023,7/15/23,20616,Sockeye,420,Kenai River (late-run sockeye),40
2023,7/16/23,54971,Sockeye,420,Kenai River (late-run sockeye),40
2023,7/17/23,69111,Sockeye,420,Kenai River (late-run sockeye),40
2023,7/18/23,46860,Sockeye,420,Kenai River (late-run sockeye),40
2023,7/19/23,26100,Sockeye,420,Kenai River (late-run sockeye),40
2023,7/20/23,29607,Sockeye,420,Kenai River (late-run sockeye),40
2023,7/21/23,32110,Sockeye,420,Kenai River (late-run sockeye),40
2023,7/22/23,17576,Sockeye,420,Kenai River (late-run sockeye),40
2023,7/23/23,32124,Sockeye,420,Kenai River (late-run sockeye),40
2023,7/24/23,51468,Sockeye,420,Kenai River (late-run sockeye),40
2023,7/25/23,120363,Sockeye,420,Kenai River (late-run sockeye),40
2023,7/26/23,195029,Sockeye,420,Kenai River (late-run sockeye),40
2023,7/27/23,146970,Sockeye,420,Kenai River (late-run sockeye),40
2023,7/28/23,132852,Sockeye,420,Kenai River (late-run sockeye),40
2023,7/29/23,137844,Sockeye,420,Kenai River (late-run sockeye),40
2023,7/30/23,74148,Sockeye,420,Kenai River (late-run sockeye),40
2023,7/31/23,43109,Sockeye,420,Kenai River (late-run sockeye),40
2023,8/1/23,33143,Sockeye,420,Kenai River (late-run sockeye),40
2023,8/2/23,40623,Sockeye,420,Kenai River (late-run sockeye),40
2023,8/3/23,44961,Sockeye,420,Kenai River (late-run sockeye),40
2023,8/4/23,53525,Sockeye,420,Kenai River (late-run sockeye),40
2023,8/5/23,51753,Sockeye,420,Kenai River (late-run sockeye),40
2023,8/6/23,44304,Sockeye,420,Kenai River (late-run sockeye),40
2023,8/7/23,44450,Sockeye,420,Kenai River (late-run sockeye),40
2023,8/8/23,44620,Sockeye,420,Kenai River (late-run sockeye),40
2023,8/9/23,50948,Sockeye,420,Kenai River (late-run sockeye),40
2023,8/10/23,37540,Sockeye,420,Kenai River (late-run sockeye),40
2023,8/11/23,37956,Sockeye,420,Kenai River (late-run sockeye),40
2023,8/12/23,33768,Sockeye,420,Kenai River (late-run sockeye),40
2023,8/13/23,24992,Sockeye,420,Kenai River (late-run sockeye),40
2023,8/14/23,30018,Sockeye,420,Kenai River (late-run sockeye),40
2023,8/15/23,40847,Sockeye,420,Kenai River (late-run sockeye),40
2023,8/16/23,31276,Sockeye,420,Kenai River (late-run sockeye),40
2023,8/17/23,23001,Sockeye,420,Kenai River (late-run sockeye),40
2023,8/18/23,33594,Sockeye,420,Kenai River (late-run sockeye),40
2023,8/19/23,36952,Sockeye,420,Kenai River (late-run sockeye),40
2023,8/20/23,31139,Sockeye,420,Kenai River (late-run sockeye),40
2023,8/21/23,47459,Sockeye,420,Kenai River (late-run sockeye),40
2023,8/22/23,51721,Sockeye,420,Kenai River (late-run sockeye),40
2023,8/23/23,35167,Sockeye,420,Kenai River (late-run sockeye),40
2023,8/24/23,28487,Sockeye,420,Kenai River (late-run sockeye),40
2023,8/25/23,36626,Sockeye,420,Kenai River (late-run sockeye),40
2023,8/26/23,35750,Sockeye,420,Kenai River (late-run sockeye),40
2023,8/27/23,25826,Sockeye,420,Kenai River (late-run sockeye),40
2023,8/28/23,12864,Sockeye,420,Kenai River (late-run sockeye),40
2023,8/29/23,12875,Sockeye,420,Kenai River (late-run sockeye),40
2022,7/1/22,5034,Sockeye,420,Kenai River (late-run sockeye),40
2022,7/2/22,4212,Sockeye,420,Kenai River (late-run sockeye),40
2022,7/3/22,5796,Sockeye,420,Kenai River (late-run sockeye),40
2022,7/4/22,7314,Sockeye,420,Kenai River (late-run sockeye),40
2022,7/5/22,7386,Sockeye,420,Kenai River (late-run sockeye),40
2022,7/6/22,10341,Sockeye,420,Kenai River (late-run sockeye),40
2022,7/7/22,12973,Sockeye,420,Kenai River (late-run sockeye),40
2022,7/8/22,13884,Sockeye,420,Kenai River (late-run sockeye),40
2022,7/9/22,13992,Sockeye,420,Kenai River (late-run sockeye),40
2022,7/10/22,21424,Sockeye,420,Kenai River (late-run sockeye),40
2022,7/11/22,20597,Sockeye,420,Kenai River (late-run sockeye),40
2022,7/12/22,8094,Sockeye,420,Kenai River (late-run sockeye),40
2022,7/13/22,9636,Sockeye,420,Kenai River (late-run sockeye),40
2022,7/14/22,5556,Sockeye,420,Kenai River (late-run sockeye),40
2022,7/15/22,5225,Sockeye,420,Kenai River (late-run sockeye),40
2022,7/16/22,18780,Sockeye,420,Kenai River (late-run sockeye),40
2022,7/17/22,45558,Sockeye,420,Kenai River (late-run sockeye),40
2022,7/18/22,39697,Sockeye,420,Kenai River (late-run sockeye),40
2022,7/19/22,74328,Sockeye,420,Kenai River (late-run sockeye),40
2022,7/20/22,189420,Sockeye,420,Kenai River (late-run sockeye),40
2022,7/21/22,155774,Sockeye,420,Kenai River (late-run sockeye),40
2022,7/22/22,99324,Sockeye,420,Kenai River (late-run sockeye),40
2022,7/23/22,79950,Sockeye,420,Kenai River (late-run sockeye),40
2022,7/24/22,101376,Sockeye,420,Kenai River (late-run sockeye),40
2022,7/25/22,54139,Sockeye,420,Kenai River (late-run sockeye),40
2022,7/26/22,44166,Sockeye,420,Kenai River (late-run sockeye),40
2022,7/27/22,56110,Sockeye,420,Kenai River (late-run sockeye),40
2022,7/28/22,32859,Sockeye,420,Kenai River (late-run sockeye),40
2022,7/29/22,24474,Sockeye,420,Kenai River (late-run sockeye),40
2022,7/30/22,24594,Sockeye,420,Kenai River (late-run sockeye),40
2022,7/31/22,16902,Sockeye,420,Kenai River (late-run sockeye),40
2022,8/1/22,31619,Sockeye,420,Kenai River (late-run sockeye),40
2022,8/2/22,36152,Sockeye,420,Kenai River (late-run sockeye),40
2022,8/3/22,21493,Sockeye,420,Kenai River (late-run sockeye),40
2022,8/4/22,26351,Sockeye,420,Kenai River (late-run sockeye),40
2022,8/5/22,29960,Sockeye,420,Kenai River (late-run sockeye),40
2022,8/6/22,19915,Sockeye,420,Kenai River (late-run sockeye),40
2022,8/7/22,23752,Sockeye,420,Kenai River (late-run sockeye),40
2022,8/8/22,21717,Sockeye,420,Kenai River (late-run sockeye),40
2022,8/9/22,25924,Sockeye,420,Kenai River (late-run sockeye),40
2022,8/10/22,21212,Sockeye,420,Kenai River (late-run sockeye),40
2022,8/11/22,26198,Sockeye,420,Kenai River (late-run sockeye),40
2022,8/12/22,26817,Sockeye,420,Kenai River (late-run sockeye),40
2022,8/13/22,17310,Sockeye,420,Kenai River (late-run sockeye),40
2022,8/14/22,6190,Sockeye,420,Kenai River (late-run sockeye),40
2022,8/15/22,12872,Sockeye,420,Kenai River (late-run sockeye),40
2022,8/16/22,11353,Sockeye,420,Kenai River (late-run sockeye),40
2021,7/1/21,7248,Sockeye,420,Kenai River (late-run sockeye),40
2021,7/2/21,6476,Sockeye,420,Kenai River (late-run sockeye),40
2021,7/3/21,6430,Sockeye,420,Kenai River (late-run sockeye),40
2021,7/4/21,6685,Sockeye,420,Kenai River (late-run sockeye),40
2021,7/5/21,6122,Sockeye,420,Kenai River (late-run sockeye),40
2021,7/6/21,11298,Sockeye,420,Kenai River (late-run sockeye),40
2021,7/7/21,9182,Sockeye,420,Kenai River (late-run sockeye),40
2021,7/8/21,14040,Sockeye,420,Kenai River (late-run sockeye),40
2021,7/9/21,10655,Sockeye,420,Kenai River (late-run sockeye),40
2021,7/10/21,10842,Sockeye,420,Kenai River (late-run sockeye),40
2021,7/11/21,13986,Sockeye,420,Kenai River (late-run sockeye),40
2021,7/12/21,16461,Sockeye,420,Kenai River (late-run sockeye),40
2021,7/13/21,12738,Sockeye,420,Kenai River (late-run sockeye),40
2021,7/14/21,9852,Sockeye,420,Kenai River (late-run sockeye),40
2021,7/15/21,19982,Sockeye,420,Kenai River (late-run sockeye),40
2021,7/16/21,14727,Sockeye,420,Kenai River (late-run sockeye),40
2021,7/17/21,16015,Sockeye,420,Kenai River (late-run sockeye),40
2021,7/18/21,19843,Sockeye,420,Kenai River (late-run sockeye),40
2021,7/19/21,25731,Sockeye,420,Kenai River (late-run sockeye),40
2021,7/20/21,85706,Sockeye,420,Kenai River (late-run sockeye),40
2021,7/21/21,55920,Sockeye,420,Kenai River (late-run sockeye),40
2021,7/22/21,32958,Sockeye,420,Kenai River (late-run sockeye),40
2021,7/23/21,40956,Sockeye,420,Kenai River (late-run sockeye),40
2021,7/24/21,38526,Sockeye,420,Kenai River (late-run sockeye),40
2021,7/25/21,57660,Sockeye,420,Kenai River (late-run sockeye),40
2021,7/26/21,52164,Sockeye,420,Kenai River (late-run sockeye),40
2021,7/27/21,62633,Sockeye,420,Kenai River (late-run sockeye),40
2021,7/28/21,58394,Sockeye,420,Kenai River (late-run sockeye),40
2021,7/29/21,74864,Sockeye,420,Kenai River (late-run sockeye),40
2021,7/30/21,47866,Sockeye,420,Kenai River (late-run sockeye),40
2021,7/31/21,77985,Sockeye,420,Kenai River (late-run sockeye),40
2021,8/1/21,87653,Sockeye,420,Kenai River (late-run sockeye),40
2021,8/2/21,151525,Sockeye,420,Kenai River (late-run sockeye),40
2021,8/3/21,136740,Sockeye,420,Kenai River (late-run sockeye),40
2021,8/4/21,109902,Sockeye,420,Kenai River (late-run sockeye),40
2021,8/5/21,80538,Sockeye,420,Kenai River (late-run sockeye),40
2021,8/6/21,80029,Sockeye,420,Kenai River (late-run sockeye),40
2021,8/7/21,73260,Sockeye,420,Kenai River (late-run sockeye),40
2021,8/8/21,89750,Sockeye,420,Kenai River (late-run sockeye),40
2021,8/9/21,72734,Sockeye,420,Kenai River (late-run sockeye),40
2021,8/10/21,56226,Sockeye,420,Kenai River (late-run sockeye),40
2021,8/11/21,54827,Sockeye,420,Kenai River (late-run sockeye),40
2021,8/12/21,48605,Sockeye,420,Kenai River (late-run sockeye),40
2021,8/13/21,40367,Sockeye,420,Kenai River (late-run sockeye),40
2021,8/14/21,52677,Sockeye,420,Kenai River (late-run sockeye),40
2021,8/15/21,59856,Sockeye,420,Kenai River (late-run sockeye),40
2021,8/16/21,55844,Sockeye,420,Kenai River (late-run sockeye),40
2021,8/17/21,61737,Sockeye,420,Kenai River (late-run sockeye),40
2021,8/18/21,41519,Sockeye,420,Kenai River (late-run sockeye),40
2021,8/19/21,41335,Sockeye,420,Kenai River (late-run sockeye),40
2021,8/20/21,37664,Sockeye,420,Kenai River (late-run sockeye),40
2021,8/21/21,31436,Sockeye,420,Kenai River (late-run sockeye),40
2021,8/22/21,23330,Sockeye,420,Kenai River (late-run sockeye),40
2021,8/23/21,18104,Sockeye,420,Kenai River (late-run sockeye),40
2021,8/24/21,12222,Sockeye,420,Kenai River (late-run sockeye),40
2020,7/1/20,5355,Sockeye,420,Kenai River (late-run sockeye),40
2020,7/2/20,3468,Sockeye,420,Kenai River (late-run sockeye),40
2020,7/3/20,3576,Sockeye,420,Kenai River (late-run sockeye),40
2020,7/4/20,3965,Sockeye,420,Kenai River (late-run sockeye),40
2020,7/5/20,4290,Sockeye,420,Kenai River (late-run sockeye),40
2020,7/6/20,11190,Sockeye,420,Kenai River (late-run sockeye),40
2020,7/7/20,15138,Sockeye,420,Kenai River (late-run sockeye),40
2020,7/8/20,12127,Sockeye,420,Kenai River (late-run sockeye),40
2020,7/9/20,8686,Sockeye,420,Kenai River (late-run sockeye),40
2020,7/10/20,6032,Sockeye,420,Kenai River (late-run sockeye),40
2020,7/11/20,10104,Sockeye,420,Kenai River (late-run sockeye),40
2020,7/12/20,16526,Sockeye,420,Kenai River (late-run sockeye),40
2020,7/13/20,36322,Sockeye,420,Kenai River (late-run sockeye),40
2020,7/14/20,30084,Sockeye,420,Kenai River (late-run sockeye),40
2020,7/15/20,35528,Sockeye,420,Kenai River (late-run sockeye),40
2020,7/16/20,19086,Sockeye,420,Kenai River (late-run sockeye),40
2020,7/17/20,31392,Sockeye,420,Kenai River (late-run sockeye),40
2020,7/18/20,26143,Sockeye,420,Kenai River (late-run sockeye),40
2020,7/19/20,32598,Sockeye,420,Kenai River (late-run sockeye),40
2020,7/20/20,46306,Sockeye,420,Kenai River (late-run sockeye),40
2020,7/21/20,17854,Sockeye,420,Kenai River (late-run sockeye),40
2020,7/22/20,17316,Sockeye,420,Kenai River (late-run sockeye),40
2020,7/23/20,20172,Sockeye,420,Kenai River (late-run sockeye),40
2020,7/24/20,20562,Sockeye,420,Kenai River (late-run sockeye),40
2020,7/25/20,23922,Sockeye,420,Kenai River (late-run sockeye),40
2020,7/26/20,20117,Sockeye,420,Kenai River (late-run sockeye),40
2020,7/27/20,38004,Sockeye,420,Kenai River (late-run sockeye),40
2020,7/28/20,47946,Sockeye,420,Kenai River (late-run sockeye),40
2020,7/29/20,40632,Sockeye,420,Kenai River (late-run sockeye),40
2020,7/30/20,43048,Sockeye,420,Kenai River (late-run sockeye),40
2020,7/31/20,40718,Sockeye,420,Kenai River (late-run sockeye),40
2020,8/1/20,23055,Sockeye,420,Kenai River (late-run sockeye),40
2020,8/2/20,35719,Sockeye,420,Kenai River (late-run sockeye),40
2020,8/3/20,41814,Sockeye,420,Kenai River (late-run sockeye),40
2020,8/4/20,38859,Sockeye,420,Kenai River (late-run sockeye),40
2020,8/5/20,36938,Sockeye,420,Kenai River (late-run sockeye),40
2020,8/6/20,38712,Sockeye,420,Kenai River (late-run sockeye),40
2020,8/7/20,25368,Sockeye,420,Kenai River (late-run sockeye),40
2020,8/8/20,24396,Sockeye,420,Kenai River (late-run sockeye),40
2020,8/9/20,34137,Sockeye,420,Kenai River (late-run sockeye),40
2020,8/10/20,24163,Sockeye,420,Kenai River (late-run sockeye),40
2020,8/11/20,41832,Sockeye,420,Kenai River (late-run sockeye),40
2020,8/12/20,47067,Sockeye,420,Kenai River (late-run sockeye),40
2020,8/13/20,62807,Sockeye,420,Kenai River (late-run sockeye),40
2020,8/14/20,99875,Sockeye,420,Kenai River (late-run sockeye),40
2020,8/15/20,57310,Sockeye,420,Kenai River (late-run sockeye),40
2020,8/16/20,96766,Sockeye,420,Kenai River (late-run sockeye),40
2020,8/17/20,121031,Sockeye,420,Kenai River (late-run sockeye),40
2020,8/18/20,46259,Sockeye,420,Kenai River (late-run sockeye),40
2020,8/19/20,20052,Sockeye,420,Kenai River (late-run sockeye),40
2020,8/20/20,34742,Sockeye,420,Kenai River (late-run sockeye),40
2020,8/21/20,34459,Sockeye,420,Kenai River (late-run sockeye),40
2020,8/22/20,17777,Sockeye,420,Kenai River (late-run sockeye),40
2020,8/23/20,16512,Sockeye,420,Kenai River (late-run sockeye),40
2020,8/24/20,6708,Sockeye,420,Kenai River (late-run sockeye),40
2019,7/1/19,6810,Sockeye,420,Kenai River (late-run sockeye),40
2019,7/2/19,7230,Sockeye,420,Kenai River (late-run sockeye),40
2019,7/3/19,6250,Sockeye,420,Kenai River (late-run sockeye),40
2019,7/4/19,7740,Sockeye,420,Kenai River (late-run sockeye),40
2019,7/5/19,8472,Sockeye,420,Kenai River (late-run sockeye),40
2019,7/6/19,9093,Sockeye,420,Kenai River (late-run sockeye),40
2019,7/7/19,12621,Sockeye,420,Kenai River (late-run sockeye),40
2019,7/8/19,21444,Sockeye,420,Kenai River (late-run sockeye),40
2019,7/9/19,15190,Sockeye,420,Kenai River (late-run sockeye),40
2019,7/10/19,10485,Sockeye,420,Kenai River (late-run sockeye),40
2019,7/11/19,14098,Sockeye,420,Kenai River (late-run sockeye),40
2019,7/12/19,22868,Sockeye,420,Kenai River (late-run sockeye),40
2019,7/13/19,20130,Sockeye,420,Kenai River (late-run sockeye),40
2019,7/14/19,34054,Sockeye,420,Kenai River (late-run sockeye),40
2019,7/15/19,30509,Sockeye,420,Kenai River (late-run sockeye),40
2019,7/16/19,16420,Sockeye,420,Kenai River (late-run sockeye),40
2019,7/17/19,23285,Sockeye,420,Kenai River (late-run sockeye),40
2019,7/18/19,46059,Sockeye,420,Kenai River (late-run sockeye),40
2019,7/19/19,25963,Sockeye,420,Kenai River (late-run sockeye),40
2019,7/20/19,35652,Sockeye,420,Kenai River (late-run sockeye),40
2019,7/21/19,76650,Sockeye,420,Kenai River (late-run sockeye),40
2019,7/22/19,75542,Sockeye,420,Kenai River (late-run sockeye),40
2019,7/23/19,36107,Sockeye,420,Kenai River (late-run sockeye),40
2019,7/24/19,53574,Sockeye,420,Kenai River (late-run sockeye),40
2019,7/25/19,80928,Sockeye,420,Kenai River (late-run sockeye),40
2019,7/26/19,77996,Sockeye,420,Kenai River (late-run sockeye),40
2019,7/27/19,98201,Sockeye,420,Kenai River (late-run sockeye),40
2019,7/28/19,99038,Sockeye,420,Kenai River (late-run sockeye),40
2019,7/29/19,75604,Sockeye,420,Kenai River (late-run sockeye),40
2019,7/30/19,42439,Sockeye,420,Kenai River (late-run sockeye),40
2019,7/31/19,34315,Sockeye,420,Kenai River (late-run sockeye),40
2019,8/1/19,37711,Sockeye,420,Kenai River (late-run sockeye),40
2019,8/2/19,42084,Sockeye,420,Kenai River (late-run sockeye),40
2019,8/3/19,55930,Sockeye,420,Kenai River (late-run sockeye),40
2019,8/4/19,62687,Sockeye,420,Kenai River (late-run sockeye),40
2019,8/5/19,72712,Sockeye,420,Kenai River (late-run sockeye),40
2019,8/6/19,76394,Sockeye,420,Kenai River (late-run sockeye),40
2019,8/7/19,61264,Sockeye,420,Kenai River (late-run sockeye),40
2019,8/8/19,48046,Sockeye,420,Kenai River (late-run sockeye),40
2019,8/9/19,37042,Sockeye,420,Kenai River (late-run sockeye),40
2019,8/10/19,32759,Sockeye,420,Kenai River (late-run sockeye),40
2019,8/11/19,32146,Sockeye,420,Kenai River (late-run sockeye),40
2019,8/12/19,25377,Sockeye,420,Kenai River (late-run sockeye),40
2019,8/13/19,22158,Sockeye,420,Kenai River (late-run sockeye),40
2019,8/14/19,25809,Sockeye,420,Kenai River (late-run sockeye),40
2019,8/15/19,24908,Sockeye,420,Kenai River (late-run sockeye),40
2019,8/16/19,22220,Sockeye,420,Kenai River (late-run sockeye),40
2019,8/17/19,18146,Sockeye,420,Kenai River (late-run sockeye),40
2019,8/18/19,16763,Sockeye,420,Kenai River (late-run sockeye),40
2019,8/19/19,10131,Sockeye,420,Kenai River (late-run sockeye),40
2018,7/1/18,1966,Sockeye,420,Kenai River (late-run sockeye),40
2018,7/2/18,3694,Sockeye,420,Kenai River (late-run sockeye),40
2018,7/3/18,2394,Sockeye,420,Kenai River (late-run sockeye),40
2018,7/4/18,4559,Sockeye,420,Kenai River (late-run sockeye),40
2018,7/5/18,5065,Sockeye,420,Kenai River (late-run sockeye),40
2018,7/6/18,6505,Sockeye,420,Kenai River (late-run sockeye),40
2018,7/7/18,7786,Sockeye,420,Kenai River (late-run sockeye),40
2018,7/8/18,5544,Sockeye,420,Kenai River (late-run sockeye),40
2018,7/9/18,5724,Sockeye,420,Kenai River (late-run sockeye),40
2018,7/10/18,3744,Sockeye,420,Kenai River (late-run sockeye),40
2018,7/11/18,4062,Sockeye,420,Kenai River (late-run sockeye),40
2018,7/12/18,14898,Sockeye,420,Kenai River (late-run sockeye),40
2018,7/13/18,23394,Sockeye,420,Kenai River (late-run sockeye),40
2018,7/14/18,8593,Sockeye,420,Kenai River (late-run sockeye),40
2018,7/15/18,7662,Sockeye,420,Kenai River (late-run sockeye),40
2018,7/16/18,7110,Sockeye,420,Kenai River (late-run sockeye),40
2018,7/17/18,11072,Sockeye,420,Kenai River (late-run sockeye),40
2018,7/18/18,19280,Sockeye,420,Kenai River (late-run sockeye),40
2018,7/19/18,30293,Sockeye,420,Kenai River (late-run sockeye),40
2018,7/20/18,33858,Sockeye,420,Kenai River (late-run sockeye),40
2018,7/21/18,62503,Sockeye,420,Kenai River (late-run sockeye),40
2018,7/22/18,24618,Sockeye,420,Kenai River (late-run sockeye),40
2018,7/23/18,33606,Sockeye,420,Kenai River (late-run sockeye),40
2018,7/24/18,25466,Sockeye,420,Kenai River (late-run sockeye),40
2018,7/25/18,14129,Sockeye,420,Kenai River (late-run sockeye),40
2018,7/26/18,15316,Sockeye,420,Kenai River (late-run sockeye),40
2018,7/27/18,16043,Sockeye,420,Kenai River (late-run sockeye),40
2018,7/28/18,8923,Sockeye,420,Kenai River (late-run sockeye),40
2018,7/29/18,11482,Sockeye,420,Kenai River (late-run sockeye),40
2018,7/30/18,14879,Sockeye,420,Kenai River (late-run sockeye),40
2018,7/31/18,18579,Sockeye,420,Kenai River (late-run sockeye),40
2018,8/1/18,22734,Sockeye,420,Kenai River (late-run sockeye),40
2018,8/2/18,17967,Sockeye,420,Kenai River (late-run sockeye),40
2018,8/3/18,22848,Sockeye,420,Kenai River (late-run sockeye),40
2018,8/4/18,27423,Sockeye,420,Kenai River (late-run sockeye),40
2018,8/5/18,31944,Sockeye,420,Kenai River (late-run sockeye),40
2018,8/6/18,30190,Sockeye,420,Kenai River (late-run sockeye),40
2018,8/7/18,55768,Sockeye,420,Kenai River (late-run sockeye),40
2018,8/8/18,11146,Sockeye,420,Kenai River (late-run sockeye),40
2018,8/9/18,14372,Sockeye,420,Kenai River (late-run sockeye),40
2018,8/10/18,14265,Sockeye,420,Kenai River (late-run sockeye),40
2018,8/11/18,26837,Sockeye,420,Kenai River (late-run sockeye),40
2018,8/12/18,40040,Sockeye,420,Kenai River (late-run sockeye),40
2018,8/13/18,16205,Sockeye,420,Kenai River (late-run sockeye),40
2018,8/14/18,6692,Sockeye,420,Kenai River (late-run sockeye),40
2018,8/15/18,12195,Sockeye,420,Kenai River (late-run sockeye),40
2018,8/16/18,18030,Sockeye,420,Kenai River (late-run sockeye),40
2018,8/17/18,23000,Sockeye,420,Kenai River (late-run sockeye),40
2018,8/18/18,26642,Sockeye,420,Kenai River (late-run sockeye),40
2018,8/19/18,29068,Sockeye,420,Kenai River (late-run sockeye),40
2018,8/20/18,27787,Sockeye,420,Kenai River (late-run sockeye),40
2018,8/21/18,17005,Sockeye,420,Kenai River (late-run sockeye),40
2018,8/22/18,6539,Sockeye,420,Kenai River (late-run sockeye),40
2018,8/23/18,28895,Sockeye,420,Kenai River (late-run sockeye),40
2018,8/24/18,17189,Sockeye,420,Kenai River (late-run sockeye),40
2018,8/25/18,19651,Sockeye,420,Kenai River (late-run sockeye),40
2018,8/26/18,7795,Sockeye,420,Kenai River (late-run sockeye),40
2018,8/27/18,9351,Sockeye,420,Kenai River (late-run sockeye),40
2018,8/28/18,1436,Sockeye,420,Kenai River (late-run sockeye),40
2017,7/1/17,2924,Sockeye,420,Kenai River (late-run sockeye),40
2017,7/2/17,4088,Sockeye,420,Kenai River (late-run sockeye),40
2017,7/3/17,4880,Sockeye,420,Kenai River (late-run sockeye),40
2017,7/4/17,8652,Sockeye,420,Kenai River (late-run sockeye),40
2017,7/5/17,8833,Sockeye,420,Kenai River (late-run sockeye),40
2017,7/6/17,5676,Sockeye,420,Kenai River (late-run sockeye),40
2017,7/7/17,9688,Sockeye,420,Kenai River (late-run sockeye),40
2017,7/8/17,12138,Sockeye,420,Kenai River (late-run sockeye),40
2017,7/9/17,17946,Sockeye,420,Kenai River (late-run sockeye),40
2017,7/10/17,19932,Sockeye,420,Kenai River (late-run sockeye),40
2017,7/11/17,9390,Sockeye,420,Kenai River (late-run sockeye),40
2017,7/12/17,11330,Sockeye,420,Kenai River (late-run sockeye),40
2017,7/13/17,8346,Sockeye,420,Kenai River (late-run sockeye),40
2017,7/14/17,6565,Sockeye,420,Kenai River (late-run sockeye),40
2017,7/15/17,9180,Sockeye,420,Kenai River (late-run sockeye),40
2017,7/16/17,10185,Sockeye,420,Kenai River (late-run sockeye),40
2017,7/17/17,30081,Sockeye,420,Kenai River (late-run sockeye),40
2017,7/18/17,30486,Sockeye,420,Kenai River (late-run sockeye),40
2017,7/19/17,24480,Sockeye,420,Kenai River (late-run sockeye),40
2017,7/20/17,29730,Sockeye,420,Kenai River (late-run sockeye),40
2017,7/21/17,27450,Sockeye,420,Kenai River (late-run sockeye),40
2017,7/22/17,14280,Sockeye,420,Kenai River (late-run sockeye),40
2017,7/23/17,27864,Sockeye,420,Kenai River (late-run sockeye),40
2017,7/24/17,48467,Sockeye,420,Kenai River (late-run sockeye),40
2017,7/25/17,59951,Sockeye,420,Kenai River (late-run sockeye),40
2017,7/26/17,71904,Sockeye,420,Kenai River (late-run sockeye),40
2017,7/27/17,66624,Sockeye,420,Kenai River (late-run sockeye),40
2017,7/28/17,53887,Sockeye,420,Kenai River (late-run sockeye),40
2017,7/29/17,56765,Sockeye,420,Kenai River (late-run sockeye),40
2017,7/30/17,25104,Sockeye,420,Kenai River (late-run sockeye),40
2017,7/31/17,30523,Sockeye,420,Kenai River (late-run sockeye),40
2017,8/1/17,30222,Sockeye,420,Kenai River (late-run sockeye),40
2017,8/2/17,13064,Sockeye,420,Kenai River (late-run sockeye),40
2017,8/3/17,23180,Sockeye,420,Kenai River (late-run sockeye),40
2017,8/4/17,20405,Sockeye,420,Kenai River (late-run sockeye),40
2017,8/5/17,17137,Sockeye,420,Kenai River (late-run sockeye),40
2017,8/6/17,32544,Sockeye,420,Kenai River (late-run sockeye),40
2017,8/7/17,56283,Sockeye,420,Kenai River (late-run sockeye),40
2017,8/8/17,30678,Sockeye,420,Kenai River (late-run sockeye),40
2017,8/9/17,13072,Sockeye,420,Kenai River (late-run sockeye),40
2017,8/10/17,8620,Sockeye,420,Kenai River (late-run sockeye),40
2017,8/11/17,13168,Sockeye,420,Kenai River (late-run sockeye),40
2017,8/12/17,18558,Sockeye,420,Kenai River (late-run sockeye),40
2017,8/13/17,30833,Sockeye,420,Kenai River (late-run sockeye),40
2017,8/14/17,35256,Sockeye,420,Kenai River (late-run sockeye),40
2017,8/15/17,21046,Sockeye,420,Kenai River (late-run sockeye),40
2017,8/16/17,16629,Sockeye,420,Kenai River (late-run sockeye),40
2017,8/17/17,30362,Sockeye,420,Kenai River (late-run sockeye),40
2017,8/18/17,33151,Sockeye,420,Kenai River (late-run sockeye),40
2017,8/19/17,32187,Sockeye,420,Kenai River (late-run sockeye),40
2017,8/20/17,23203,Sockeye,420,Kenai River (late-run sockeye),40
2017,8/21/17,20586,Sockeye,420,Kenai River (late-run sockeye),40
2017,8/22/17,12087,Sockeye,420,Kenai River (late-run sockeye),40
2017,8/23/17,12268,Sockeye,420,Kenai River (late-run sockeye),40
2017,8/24/17,16610,Sockeye,420,Kenai River (late-run sockeye),40
2016,7/1/16,11786,Sockeye,420,Kenai River (late-run sockeye),40
2016,7/2/16,13035,Sockeye,420,Kenai River (late-run sockeye),40
2016,7/3/16,12018,Sockeye,420,Kenai River (late-run sockeye),40
2016,7/4/16,32648,Sockeye,420,Kenai River (late-run sockeye),40
2016,7/5/16,35839,Sockeye,420,Kenai River (late-run sockeye),40
2016,7/6/16,31464,Sockeye,420,Kenai River (late-run sockeye),40
2016,7/7/16,20872,Sockeye,420,Kenai River (late-run sockeye),40
2016,7/8/16,19449,Sockeye,420,Kenai River (late-run sockeye),40
2016,7/9/16,22224,Sockeye,420,Kenai River (late-run sockeye),40
2016,7/10/16,31028,Sockeye,420,Kenai River (late-run sockeye),40
2016,7/11/16,50695,Sockeye,420,Kenai River (late-run sockeye),40
2016,7/12/16,44322,Sockeye,420,Kenai River (late-run sockeye),40
2016,7/13/16,45852,Sockeye,420,Kenai River (late-run sockeye),40
2016,7/14/16,45797,Sockeye,420,Kenai River (late-run sockeye),40
2016,7/15/16,50674,Sockeye,420,Kenai River (late-run sockeye),40
2016,7/16/16,36338,Sockeye,420,Kenai River (late-run sockeye),40
2016,7/17/16,36852,Sockeye,420,Kenai River (late-run sockeye),40
2016,7/18/16,34753,Sockeye,420,Kenai River (late-run sockeye),40
2016,7/19/16,18300,Sockeye,420,Kenai River (late-run sockeye),40
2016,7/20/16,15046,Sockeye,420,Kenai River (late-run sockeye),40
2016,7/21/16,27852,Sockeye,420,Kenai River (late-run sockeye),40
2016,7/22/16,40031,Sockeye,420,Kenai River (late-run sockeye),40
2016,7/23/16,52398,Sockeye,420,Kenai River (late-run sockeye),40
2016,7/24/16,13740,Sockeye,420,Kenai River (late-run sockeye),40
2016,7/25/16,21918,Sockeye,420,Kenai River (late-run sockeye),40
2016,7/26/16,20118,Sockeye,420,Kenai River (late-run sockeye),40
2016,7/27/16,17389,Sockeye,420,Kenai River (late-run sockeye),40
2016,7/28/16,34610,Sockeye,420,Kenai River (late-run sockeye),40
2016,7/29/16,15556,Sockeye,420,Kenai River (late-run sockeye),40
2016,7/30/16,24077,Sockeye,420,Kenai River (late-run sockeye),40
2016,7/31/16,35248,Sockeye,420,Kenai River (late-run sockeye),40
2016,8/1/16,52674,Sockeye,420,Kenai River (late-run sockeye),40
2016,8/2/16,27678,Sockeye,420,Kenai River (late-run sockeye),40
2016,8/3/16,37554,Sockeye,420,Kenai River (late-run sockeye),40
2016,8/4/16,44055,Sockeye,420,Kenai River (late-run sockeye),40
2016,8/5/16,30402,Sockeye,420,Kenai River (late-run sockeye),40
2016,8/6/16,22968,Sockeye,420,Kenai River (late-run sockeye),40
2016,8/7/16,24244,Sockeye,420,Kenai River (late-run sockeye),40
2016,8/8/16,24313,Sockeye,420,Kenai River (late-run sockeye),40
2016,8/9/16,24556,Sockeye,420,Kenai River (late-run sockeye),40
2016,8/10/16,24225,Sockeye,420,Kenai River (late-run sockeye),40
2016,8/11/16,24066,Sockeye,420,Kenai River (late-run sockeye),40
2016,8/12/16,25061,Sockeye,420,Kenai River (late-run sockeye),40
2016,8/13/16,26637,Sockeye,420,Kenai River (late-run sockeye),40
2016,8/14/16,25645,Sockeye,420,Kenai River (late-run sockeye),40
2016,8/15/16,18338,Sockeye,420,Kenai River (late-run sockeye),40
2016,8/16/16,15396,Sockeye,420,Kenai River (late-run sockeye),40
2016,8/17/16,8383,Sockeye,420,Kenai River (late-run sockeye),40
2016,8/18/16,8209,Sockeye,420,Kenai River (late-run sockeye),40
2016,8/19/16,7359,Sockeye,420,Kenai River (late-run sockeye),40
2015,7/1/15,4880,Sockeye,420,Kenai River (late-run sockeye),40
2015,7/2/15,5850,Sockeye,420,Kenai River (late-run sockeye),40
2015,7/3/15,7658,Sockeye,420,Kenai River (late-run sockeye),40
2015,7/4/15,7398,Sockeye,420,Kenai River (late-run sockeye),40
2015,7/5/15,8592,Sockeye,420,Kenai River (late-run sockeye),40
2015,7/6/15,11294,Sockeye,420,Kenai River (late-run sockeye),40
2015,7/7/15,13287,Sockeye,420,Kenai River (late-run sockeye),40
2015,7/8/15,12840,Sockeye,420,Kenai River (late-run sockeye),40
2015,7/9/15,22770,Sockeye,420,Kenai River (late-run sockeye),40
2015,7/10/15,15587,Sockeye,420,Kenai River (late-run sockeye),40
2015,7/11/15,12135,Sockeye,420,Kenai River (late-run sockeye),40
2015,7/12/15,12373,Sockeye,420,Kenai River (late-run sockeye),40
2015,7/13/15,20172,Sockeye,420,Kenai River (late-run sockeye),40
2015,7/14/15,24744,Sockeye,420,Kenai River (late-run sockeye),40
2015,7/15/15,15148,Sockeye,420,Kenai River (late-run sockeye),40
2015,7/16/15,18114,Sockeye,420,Kenai River (late-run sockeye),40
2015,7/17/15,17529,Sockeye,420,Kenai River (late-run sockeye),40
2015,7/18/15,20009,Sockeye,420,Kenai River (late-run sockeye),40
2015,7/19/15,49158,Sockeye,420,Kenai River (late-run sockeye),40
2015,7/20/15,53600,Sockeye,420,Kenai River (late-run sockeye),40
2015,7/21/15,32547,Sockeye,420,Kenai River (late-run sockeye),40
2015,7/22/15,27262,Sockeye,420,Kenai River (late-run sockeye),40
2015,7/23/15,75150,Sockeye,420,Kenai River (late-run sockeye),40
2015,7/24/15,57280,Sockeye,420,Kenai River (late-run sockeye),40
2015,7/25/15,72100,Sockeye,420,Kenai River (late-run sockeye),40
2015,7/26/15,66442,Sockeye,420,Kenai River (late-run sockeye),40
2015,7/27/15,49749,Sockeye,420,Kenai River (late-run sockeye),40
2015,7/28/15,58985,Sockeye,420,Kenai River (late-run sockeye),40
2015,7/29/15,41620,Sockeye,420,Kenai River (late-run sockeye),40
2015,7/30/15,34791,Sockeye,420,Kenai River (late-run sockeye),40
2015,7/31/15,21565,Sockeye,420,Kenai River (late-run sockeye),40
2015,8/1/15,42730,Sockeye,420,Kenai River (late-run sockeye),40
2015,8/2/15,35975,Sockeye,420,Kenai River (late-run sockeye),40
2015,8/3/15,24064,Sockeye,420,Kenai River (late-run sockeye),40
2015,8/4/15,21743,Sockeye,420,Kenai River (late-run sockeye),40
2015,8/5/15,48318,Sockeye,420,Kenai River (late-run sockeye),40
2015,8/6/15,43038,Sockeye,420,Kenai River (late-run sockeye),40
2015,8/7/15,43429,Sockeye,420,Kenai River (late-run sockeye),40
2015,8/8/15,46631,Sockeye,420,Kenai River (late-run sockeye),40
2015,8/9/15,28866,Sockeye,420,Kenai River (late-run sockeye),40
2015,8/10/15,23899,Sockeye,420,Kenai River (late-run sockeye),40
2015,8/11/15,36822,Sockeye,420,Kenai River (late-run sockeye),40
2015,8/12/15,32700,Sockeye,420,Kenai River (late-run sockeye),40
2015,8/13/15,30411,Sockeye,420,Kenai River (late-run sockeye),40
2015,8/14/15,35817,Sockeye,420,Kenai River (late-run sockeye),40
2015,8/15/15,34401,Sockeye,420,Kenai River (late-run sockeye),40
2015,8/16/15,36221,Sockeye,420,Kenai River (late-run sockeye),40
2015,8/17/15,28851,Sockeye,420,Kenai River (late-run sockeye),40
2015,8/18/15,20370,Sockeye,420,Kenai River (late-run sockeye),40
2015,8/19/15,32591,Sockeye,420,Kenai River (late-run sockeye),40
2015,8/20/15,42023,Sockeye,420,Kenai River (late-run sockeye),40
2015,8/21/15,22582,Sockeye,420,Kenai River (late-run sockeye),40
2015,8/22/15,19153,Sockeye,420,Kenai River (late-run sockeye),40
2015,8/23/15,24346,Sockeye,420,Kenai River (late-run sockeye),40
2015,8/24/15,26910,Sockeye,420,Kenai River (late-run sockeye),40
2015,8/25/15,23109,Sockeye,420,Kenai River (late-run sockeye),40
2015,8/26/15,13424,Sockeye,420,Kenai River (late-run sockeye),40
2014,7/1/14,10392,Sockeye,420,Kenai River (late-run sockeye),40
2014,7/2/14,9240,Sockeye,420,Kenai River (late-run sockeye),40
2014,7/3/14,10794,Sockeye,420,Kenai River (late-run sockeye),40
2014,7/4/14,9288,Sockeye,420,Kenai River (late-run sockeye),40
2014,7/5/14,11574,Sockeye,420,Kenai River (late-run sockeye),40
2014,7/6/14,29490,Sockeye,420,Kenai River (late-run sockeye),40
2014,7/7/14,29052,Sockeye,420,Kenai River (late-run sockeye),40
2014,7/8/14,16872,Sockeye,420,Kenai River (late-run sockeye),40
2014,7/9/14,24201,Sockeye,420,Kenai River (late-run sockeye),40
2014,7/10/14,20312,Sockeye,420,Kenai River (late-run sockeye),40
2014,7/11/14,12606,Sockeye,420,Kenai River (late-run sockeye),40
2014,7/12/14,23779,Sockeye,420,Kenai River (late-run sockeye),40
2014,7/13/14,31889,Sockeye,420,Kenai River (late-run sockeye),40
2014,7/14/14,23118,Sockeye,420,Kenai River (late-run sockeye),40
2014,7/15/14,23863,Sockeye,420,Kenai River (late-run sockeye),40
2014,7/16/14,20934,Sockeye,420,Kenai River (late-run sockeye),40
2014,7/17/14,33144,Sockeye,420,Kenai River (late-run sockeye),40
2014,7/18/14,39024,Sockeye,420,Kenai River (late-run sockeye),40
2014,7/19/14,16608,Sockeye,420,Kenai River (late-run sockeye),40
2014,7/20/14,34104,Sockeye,420,Kenai River (late-run sockeye),40
2014,7/21/14,63954,Sockeye,420,Kenai River (late-run sockeye),40
2014,7/22/14,44241,Sockeye,420,Kenai River (late-run sockeye),40
2014,7/23/14,37492,Sockeye,420,Kenai River (late-run sockeye),40
2014,7/24/14,37812,Sockeye,420,Kenai River (late-run sockeye),40
2014,7/25/14,29844,Sockeye,420,Kenai River (late-run sockeye),40
2014,7/26/14,32013,Sockeye,420,Kenai River (late-run sockeye),40
2014,7/27/14,22073,Sockeye,420,Kenai River (late-run sockeye),40
2014,7/28/14,31590,Sockeye,420,Kenai River (late-run sockeye),40
2014,7/29/14,38565,Sockeye,420,Kenai River (late-run sockeye),40
2014,7/30/14,58024,Sockeye,420,Kenai River (late-run sockeye),40
2014,7/31/14,66786,Sockeye,420,Kenai River (late-run sockeye),40
2014,8/1/14,35535,Sockeye,420,Kenai River (late-run sockeye),40
2014,8/2/14,33971,Sockeye,420,Kenai River (late-run sockeye),40
2014,8/3/14,50791,Sockeye,420,Kenai River (late-run sockeye),40
2014,8/4/14,54803,Sockeye,420,Kenai River (late-run sockeye),40
2014,8/5/14,111807,Sockeye,420,Kenai River (late-run sockeye),40
2014,8/6/14,63682,Sockeye,420,Kenai River (late-run sockeye),40
2014,8/7/14,58124,Sockeye,420,Kenai River (late-run sockeye),40
2014,8/8/14,55101,Sockeye,420,Kenai River (late-run sockeye),40
2014,8/9/14,53381,Sockeye,420,Kenai River (late-run sockeye),40
2014,8/10/14,58086,Sockeye,420,Kenai River (late-run sockeye),40
2014,8/11/14,30430,Sockeye,420,Kenai River (late-run sockeye),40
2014,8/12/14,14234,Sockeye,420,Kenai River (late-run sockeye),40
2014,8/13/14,4484,Sockeye,420,Kenai River (late-run sockeye),40
2014,8/14/14,6048,Sockeye,420,Kenai River (late-run sockeye),40
2013,7/1/13,7530,Sockeye,420,Kenai River (late-run sockeye),40
2013,7/2/13,4380,Sockeye,420,Kenai River (late-run sockeye),40
2013,7/3/13,4164,Sockeye,420,Kenai River (late-run sockeye),40
2013,7/4/13,10655,Sockeye,420,Kenai River (late-run sockeye),40
2013,7/5/13,11454,Sockeye,420,Kenai River (late-run sockeye),40
2013,7/6/13,4915,Sockeye,420,Kenai River (late-run sockeye),40
2013,7/7/13,3508,Sockeye,420,Kenai River (late-run sockeye),40
2013,7/8/13,3514,Sockeye,420,Kenai River (late-run sockeye),40
2013,7/9/13,6814,Sockeye,420,Kenai River (late-run sockeye),40
2013,7/10/13,18270,Sockeye,420,Kenai River (late-run sockeye),40
2013,7/11/13,33702,Sockeye,420,Kenai River (late-run sockeye),40
2013,7/12/13,10086,Sockeye,420,Kenai River (late-run sockeye),40
2013,7/13/13,9090,Sockeye,420,Kenai River (late-run sockeye),40
2013,7/14/13,24520,Sockeye,420,Kenai River (late-run sockeye),40
2013,7/15/13,93151,Sockeye,420,Kenai River (late-run sockeye),40
2013,7/16/13,247084,Sockeye,420,Kenai River (late-run sockeye),40
2013,7/17/13,215636,Sockeye,420,Kenai River (late-run sockeye),40
2013,7/18/13,117785,Sockeye,420,Kenai River (late-run sockeye),40
2013,7/19/13,92771,Sockeye,420,Kenai River (late-run sockeye),40
2013,7/20/13,81281,Sockeye,420,Kenai River (late-run sockeye),40
2013,7/21/13,38302,Sockeye,420,Kenai River (late-run sockeye),40
2013,7/22/13,24900,Sockeye,420,Kenai River (late-run sockeye),40
2013,7/23/13,29796,Sockeye,420,Kenai River (late-run sockeye),40
2013,7/24/13,17993,Sockeye,420,Kenai River (late-run sockeye),40
2013,7/25/13,13542,Sockeye,420,Kenai River (late-run sockeye),40
2013,7/26/13,21954,Sockeye,420,Kenai River (late-run sockeye),40
2013,7/27/13,29878,Sockeye,420,Kenai River (late-run sockeye),40
2013,7/28/13,28039,Sockeye,420,Kenai River (late-run sockeye),40
2013,7/29/13,29100,Sockeye,420,Kenai River (late-run sockeye),40
2013,7/30/13,23908,Sockeye,420,Kenai River (late-run sockeye),40
2013,7/31/13,18140,Sockeye,420,Kenai River (late-run sockeye),40
2013,8/1/13,22992,Sockeye,420,Kenai River (late-run sockeye),40
2013,8/2/13,16922,Sockeye,420,Kenai River (late-run sockeye),40
2013,8/3/13,11583,Sockeye,420,Kenai River (late-run sockeye),40
2013,8/4/13,8437,Sockeye,420,Kenai River (late-run sockeye),40
2013,8/5/13,9392,Sockeye,420,Kenai River (late-run sockeye),40
2013,8/6/13,7368,Sockeye,420,Kenai River (late-run sockeye),40
2013,8/7/13,7337,Sockeye,420,Kenai River (late-run sockeye),40
2012,7/1/12,3970,Sockeye,420,Kenai River (late-run sockeye),40
2012,7/2/12,8970,Sockeye,420,Kenai River (late-run sockeye),40
2012,7/3/12,7067,Sockeye,420,Kenai River (late-run sockeye),40
2012,7/4/12,5514,Sockeye,420,Kenai River (late-run sockeye),40
2012,7/5/12,4913,Sockeye,420,Kenai River (late-run sockeye),40
2012,7/6/12,3426,Sockeye,420,Kenai River (late-run sockeye),40
2012,7/7/12,3648,Sockeye,420,Kenai River (late-run sockeye),40
2012,7/8/12,5466,Sockeye,420,Kenai River (late-run sockeye),40
2012,7/9/12,6470,Sockeye,420,Kenai River (late-run sockeye),40
2012,7/10/12,6774,Sockeye,420,Kenai River (late-run sockeye),40
2012,7/11/12,12054,Sockeye,420,Kenai River (late-run sockeye),40
2012,7/12/12,9726,Sockeye,420,Kenai River (late-run sockeye),40
2012,7/13/12,10548,Sockeye,420,Kenai River (late-run sockeye),40
2012,7/14/12,20214,Sockeye,420,Kenai River (late-run sockeye),40
2012,7/15/12,119274,Sockeye,420,Kenai River (late-run sockeye),40
2012,7/16/12,196356,Sockeye,420,Kenai River (late-run sockeye),40
2012,7/17/12,72726,Sockeye,420,Kenai River (late-run sockeye),40
2012,7/18/12,31606,Sockeye,420,Kenai River (late-run sockeye),40
2012,7/19/12,28722,Sockeye,420,Kenai River (late-run sockeye),40
2012,7/20/12,40230,Sockeye,420,Kenai River (late-run sockeye),40
2012,7/21/12,97914,Sockeye,420,Kenai River (late-run sockeye),40
2012,7/22/12,110898,Sockeye,420,Kenai River (late-run sockeye),40
2012,7/23/12,88255,Sockeye,420,Kenai River (late-run sockeye),40
2012,7/24/12,51222,Sockeye,420,Kenai River (late-run sockeye),40
2012,7/25/12,61420,Sockeye,420,Kenai River (late-run sockeye),40
2012,7/26/12,61812,Sockeye,420,Kenai River (late-run sockeye),40
2012,7/27/12,65250,Sockeye,420,Kenai River (late-run sockeye),40
2012,7/28/12,63438,Sockeye,420,Kenai River (late-run sockeye),40
2012,7/29/12,69870,Sockeye,420,Kenai River (late-run sockeye),40
2012,7/30/12,43494,Sockeye,420,Kenai River (late-run sockeye),40
2012,7/31/12,40920,Sockeye,420,Kenai River (late-run sockeye),40
2012,8/1/12,24876,Sockeye,420,Kenai River (late-run sockeye),40
2012,8/2/12,25284,Sockeye,420,Kenai River (late-run sockeye),40
2012,8/3/12,18102,Sockeye,420,Kenai River (late-run sockeye),40
2012,8/4/12,16908,Sockeye,420,Kenai River (late-run sockeye),40
2012,8/5/12,22080,Sockeye,420,Kenai River (late-run sockeye),40
2012,8/6/12,14604,Sockeye,420,Kenai River (late-run sockeye),40
2012,8/7/12,10278,Sockeye,420,Kenai River (late-run sockeye),40
2012,8/8/12,10764,Sockeye,420,Kenai River (late-run sockeye),40
2012,8/9/12,11118,Sockeye,420,Kenai River (late-run sockeye),40
2012,8/10/12,13968,Sockeye,420,Kenai River (late-run sockeye),40
2012,8/11/12,9560,Sockeye,420,Kenai River (late-run sockeye),40
2012,8/12/12,10309,Sockeye,420,Kenai River (late-run sockeye),40
2012,8/13/12,8273,Sockeye,420,Kenai River (late-run sockeye),40
2012,8/14/12,13338,Sockeye,420,Kenai River (late-run sockeye),40
2012,8/15/12,13709,Sockeye,420,Kenai River (late-run sockeye),40
2012,8/16/12,6217,Sockeye,420,Kenai River (late-run sockeye),40
2010,7/1/10,5094,Sockeye,420,Kenai River (late-run sockeye),40
2010,7/2/10,5562,Sockeye,420,Kenai River (late-run sockeye),40
2010,7/3/10,3738,Sockeye,420,Kenai River (late-run sockeye),40
2010,7/4/10,7437,Sockeye,420,Kenai River (late-run sockeye),40
2010,7/5/10,13122,Sockeye,420,Kenai River (late-run sockeye),40
2010,7/6/10,14768,Sockeye,420,Kenai River (late-run sockeye),40
2010,7/7/10,6115,Sockeye,420,Kenai River (late-run sockeye),40
2010,7/8/10,10338,Sockeye,420,Kenai River (late-run sockeye),40
2010,7/9/10,7332,Sockeye,420,Kenai River (late-run sockeye),40
2010,7/10/10,6756,Sockeye,420,Kenai River (late-run sockeye),40
2010,7/11/10,10770,Sockeye,420,Kenai River (late-run sockeye),40
2010,7/12/10,18508,Sockeye,420,Kenai River (late-run sockeye),40
2010,7/13/10,31955,Sockeye,420,Kenai River (late-run sockeye),40
2010,7/14/10,22035,Sockeye,420,Kenai River (late-run sockeye),40
2010,7/15/10,30114,Sockeye,420,Kenai River (late-run sockeye),40
2010,7/16/10,64548,Sockeye,420,Kenai River (late-run sockeye),40
2010,7/17/10,85242,Sockeye,420,Kenai River (late-run sockeye),40
2010,7/18/10,91337,Sockeye,420,Kenai River (late-run sockeye),40
2010,7/19/10,111138,Sockeye,420,Kenai River (late-run sockeye),40
2010,7/20/10,75102,Sockeye,420,Kenai River (late-run sockeye),40
2010,7/21/10,65388,Sockeye,420,Kenai River (late-run sockeye),40
2010,7/22/10,51073,Sockeye,420,Kenai River (late-run sockeye),40
2010,7/23/10,45876,Sockeye,420,Kenai River (late-run sockeye),40
2010,7/24/10,21696,Sockeye,420,Kenai River (late-run sockeye),40
2010,7/25/10,54162,Sockeye,420,Kenai River (late-run sockeye),40
2010,7/26/10,24486,Sockeye,420,Kenai River (late-run sockeye),40
2010,7/27/10,23064,Sockeye,420,Kenai River (late-run sockeye),40
2010,7/28/10,26694,Sockeye,420,Kenai River (late-run sockeye),40
2010,7/29/10,19392,Sockeye,420,Kenai River (late-run sockeye),40
2010,7/30/10,18450,Sockeye,420,Kenai River (late-run sockeye),40
2010,7/31/10,15582,Sockeye,420,Kenai River (late-run sockeye),40
2010,8/1/10,19446,Sockeye,420,Kenai River (late-run sockeye),40
2010,8/2/10,31314,Sockeye,420,Kenai River (late-run sockeye),40
2010,8/3/10,51126,Sockeye,420,Kenai River (late-run sockeye),40
2010,8/4/10,19341,Sockeye,420,Kenai River (late-run sockeye),40
2010,8/5/10,14718,Sockeye,420,Kenai River (late-run sockeye),40
2010,8/6/10,15642,Sockeye,420,Kenai River (late-run sockeye),40
2010,8/7/10,16667,Sockeye,420,Kenai River (late-run sockeye),40
2010,8/8/10,16019,Sockeye,420,Kenai River (late-run sockeye),40
2010,8/9/10,16101,Sockeye,420,Kenai River (late-run sockeye),40
2010,8/10/10,13775,Sockeye,420,Kenai River (late-run sockeye),40
2010,8/11/10,8439,Sockeye,420,Kenai River (late-run sockeye),40
2010,8/12/10,7795,Sockeye,420,Kenai River (late-run sockeye),40
2010,8/13/10,11549,Sockeye,420,Kenai River (late-run sockeye),40
2010,8/14/10,12718,Sockeye,420,Kenai River (late-run sockeye),40
2010,8/15/10,17871,Sockeye,420,Kenai River (late-run sockeye),40
2010,8/16/10,17206,Sockeye,420,Kenai River (late-run sockeye),40
2010,8/17/10,7760,Sockeye,420,Kenai River (late-run sockeye),40
2010,8/18/10,6408,Sockeye,420,Kenai River (late-run sockeye),40
2010,8/19/10,4116,Sockeye,420,Kenai River (late-run sockeye),40
2009,7/1/09,3769,Sockeye,420,Kenai River (late-run sockeye),40
2009,7/2/09,4851,Sockeye,420,Kenai River (late-run sockeye),40
2009,7/3/09,5491,Sockeye,420,Kenai River (late-run sockeye),40
2009,7/4/09,8027,Sockeye,420,Kenai River (late-run sockeye),40
2009,7/5/09,7135,Sockeye,420,Kenai River (late-run sockeye),40
2009,7/6/09,6476,Sockeye,420,Kenai River (late-run sockeye),40
2009,7/7/09,9017,Sockeye,420,Kenai River (late-run sockeye),40
2009,7/8/09,6714,Sockeye,420,Kenai River (late-run sockeye),40
2009,7/9/09,8909,Sockeye,420,Kenai River (late-run sockeye),40
2009,7/10/09,7659,Sockeye,420,Kenai River (late-run sockeye),40
2009,7/11/09,11553,Sockeye,420,Kenai River (late-run sockeye),40
2009,7/12/09,30042,Sockeye,420,Kenai River (late-run sockeye),40
2009,7/13/09,18049,Sockeye,420,Kenai River (late-run sockeye),40
2009,7/14/09,31236,Sockeye,420,Kenai River (late-run sockeye),40
2009,7/15/09,72633,Sockeye,420,Kenai River (late-run sockeye),40
2009,7/16/09,82189,Sockeye,420,Kenai River (late-run sockeye),40
2009,7/17/09,76936,Sockeye,420,Kenai River (late-run sockeye),40
2009,7/18/09,52735,Sockeye,420,Kenai River (late-run sockeye),40
2009,7/19/09,38239,Sockeye,420,Kenai River (late-run sockeye),40
2009,7/20/09,67090,Sockeye,420,Kenai River (late-run sockeye),40
2009,7/21/09,40108,Sockeye,420,Kenai River (late-run sockeye),40
2009,7/22/09,12796,Sockeye,420,Kenai River (late-run sockeye),40
2009,7/23/09,16311,Sockeye,420,Kenai River (late-run sockeye),40
2009,7/24/09,23075,Sockeye,420,Kenai River (late-run sockeye),40
2009,7/25/09,11546,Sockeye,420,Kenai River (late-run sockeye),40
2009,7/26/09,15834,Sockeye,420,Kenai River (late-run sockeye),40
2009,7/27/09,53190,Sockeye,420,Kenai River (late-run sockeye),40
2009,7/28/09,58153,Sockeye,420,Kenai River (late-run sockeye),40
2009,7/29/09,46218,Sockeye,420,Kenai River (late-run sockeye),40
2009,7/30/09,39319,Sockeye,420,Kenai River (late-run sockeye),40
2009,7/31/09,39958,Sockeye,420,Kenai River (late-run sockeye),40
2009,8/1/09,26046,Sockeye,420,Kenai River (late-run sockeye),40
2009,8/2/09,29696,Sockeye,420,Kenai River (late-run sockeye),40
2009,8/3/09,32488,Sockeye,420,Kenai River (late-run sockeye),40
2009,8/4/09,19799,Sockeye,420,Kenai River (late-run sockeye),40
2009,8/5/09,17621,Sockeye,420,Kenai River (late-run sockeye),40
2009,8/6/09,10633,Sockeye,420,Kenai River (late-run sockeye),40
2009,8/7/09,7441,Sockeye,420,Kenai River (late-run sockeye),40
2009,8/8/09,4643,Sockeye,420,Kenai River (late-run sockeye),40
2009,8/9/09,6641,Sockeye,420,Kenai River (late-run sockeye),40
2009,8/10/09,10154,Sockeye,420,Kenai River (late-run sockeye),40
2009,8/11/09,5227,Sockeye,420,Kenai River (late-run sockeye),40
2009,8/12/09,6185,Sockeye,420,Kenai River (late-run sockeye),40
2009,8/13/09,8225,Sockeye,420,Kenai River (late-run sockeye),40
2008,7/1/08,3886,Sockeye,420,Kenai River (late-run sockeye),40
2008,7/2/08,4456,Sockeye,420,Kenai River (late-run sockeye),40
2008,7/3/08,4227,Sockeye,420,Kenai River (late-run sockeye),40
2008,7/4/08,2189,Sockeye,420,Kenai River (late-run sockeye),40
2008,7/5/08,1520,Sockeye,420,Kenai River (late-run sockeye),40
2008,7/6/08,1327,Sockeye,420,Kenai River (late-run sockeye),40
2008,7/7/08,1252,Sockeye,420,Kenai River (late-run sockeye),40
2008,7/8/08,1640,Sockeye,420,Kenai River (late-run sockeye),40
2008,7/9/08,3323,Sockeye,420,Kenai River (late-run sockeye),40
2008,7/10/08,4728,Sockeye,420,Kenai River (late-run sockeye),40
2008,7/11/08,2340,Sockeye,420,Kenai River (late-run sockeye),40
2008,7/12/08,3120,Sockeye,420,Kenai River (late-run sockeye),40
2008,7/13/08,6850,Sockeye,420,Kenai River (late-run sockeye),40
2008,7/14/08,4185,Sockeye,420,Kenai River (late-run sockeye),40
2008,7/15/08,39473,Sockeye,420,Kenai River (late-run sockeye),40
2008,7/16/08,102681,Sockeye,420,Kenai River (late-run sockeye),40
2008,7/17/08,76937,Sockeye,420,Kenai River (late-run sockeye),40
2008,7/18/08,27658,Sockeye,420,Kenai River (late-run sockeye),40
2008,7/19/08,26086,Sockeye,420,Kenai River (late-run sockeye),40
2008,7/20/08,45075,Sockeye,420,Kenai River (late-run sockeye),40
2008,7/21/08,48724,Sockeye,420,Kenai River (late-run sockeye),40
2008,7/22/08,47831,Sockeye,420,Kenai River (late-run sockeye),40
2008,7/23/08,15663,Sockeye,420,Kenai River (late-run sockeye),40
2008,7/24/08,17349,Sockeye,420,Kenai River (late-run sockeye),40
2008,7/25/08,16456,Sockeye,420,Kenai River (late-run sockeye),40
2008,7/26/08,11144,Sockeye,420,Kenai River (late-run sockeye),40
2008,7/27/08,25296,Sockeye,420,Kenai River (late-run sockeye),40
2008,7/28/08,28421,Sockeye,420,Kenai River (late-run sockeye),40
2008,7/29/08,33244,Sockeye,420,Kenai River (late-run sockeye),40
2008,7/30/08,39032,Sockeye,420,Kenai River (late-run sockeye),40
2008,7/31/08,28667,Sockeye,420,Kenai River (late-run sockeye),40
2008,8/1/08,32997,Sockeye,420,Kenai River (late-run sockeye),40
2008,8/2/08,25832,Sockeye,420,Kenai River (late-run sockeye),40
2008,8/3/08,19795,Sockeye,420,Kenai River (late-run sockeye),40
2008,8/4/08,21069,Sockeye,420,Kenai River (late-run sockeye),40
2008,8/5/08,16673,Sockeye,420,Kenai River (late-run sockeye),40
2008,8/6/08,15774,Sockeye,420,Kenai River (late-run sockeye),40
2008,8/7/08,12192,Sockeye,420,Kenai River (late-run sockeye),40
2008,8/8/08,9254,Sockeye,420,Kenai River (late-run sockeye),40
2008,8/9/08,10818,Sockeye,420,Kenai River (late-run sockeye),40
2008,8/10/08,14668,Sockeye,420,Kenai River (late-run sockeye),40
2008,8/11/08,15001,Sockeye,420,Kenai River (late-run sockeye),40
2008,8/12/08,14628,Sockeye,420,Kenai River (late-run sockeye),40
2008,8/13/08,10258,Sockeye,420,Kenai River (late-run sockeye),40
2008,8/14/08,11748,Sockeye,420,Kenai River (late-run sockeye),40
2008,8/15/08,7431,Sockeye,420,Kenai River (late-run sockeye),40
2008,8/16/08,2128,Sockeye,420,Kenai River (late-run sockeye),40
2008,8/17/08,2092,Sockeye,420,Kenai River (late-run sockeye),40
2007,7/1/07,5530,Sockeye,420,Kenai River (late-run sockeye),40
2007,7/2/07,6659,Sockeye,420,Kenai River (late-run sockeye),40
2007,7/3/07,5695,Sockeye,420,Kenai River (late-run sockeye),40
2007,7/4/07,3833,Sockeye,420,Kenai River (late-run sockeye),40
2007,7/5/07,4165,Sockeye,420,Kenai River (late-run sockeye),40
2007,7/6/07,4799,Sockeye,420,Kenai River (late-run sockeye),40
2007,7/7/07,7629,Sockeye,420,Kenai River (late-run sockeye),40
2007,7/8/07,11623,Sockeye,420,Kenai River (late-run sockeye),40
2007,7/9/07,12626,Sockeye,420,Kenai River (late-run sockeye),40
2007,7/10/07,5473,Sockeye,420,Kenai River (late-run sockeye),40
2007,7/11/07,6467,Sockeye,420,Kenai River (late-run sockeye),40
2007,7/12/07,7102,Sockeye,420,Kenai River (late-run sockeye),40
2007,7/13/07,3992,Sockeye,420,Kenai River (late-run sockeye),40
2007,7/14/07,6443,Sockeye,420,Kenai River (late-run sockeye),40
2007,7/15/07,9919,Sockeye,420,Kenai River (late-run sockeye),40
2007,7/16/07,10020,Sockeye,420,Kenai River (late-run sockeye),40
2007,7/17/07,7917,Sockeye,420,Kenai River (late-run sockeye),40
2007,7/18/07,12385,Sockeye,420,Kenai River (late-run sockeye),40
2007,7/19/07,59442,Sockeye,420,Kenai River (late-run sockeye),40
2007,7/20/07,22842,Sockeye,420,Kenai River (late-run sockeye),40
2007,7/21/07,44017,Sockeye,420,Kenai River (late-run sockeye),40
2007,7/22/07,64544,Sockeye,420,Kenai River (late-run sockeye),40
2007,7/23/07,55146,Sockeye,420,Kenai River (late-run sockeye),40
2007,7/24/07,48532,Sockeye,420,Kenai River (late-run sockeye),40
2007,7/25/07,48552,Sockeye,420,Kenai River (late-run sockeye),40
2007,7/26/07,67524,Sockeye,420,Kenai River (late-run sockeye),40
2007,7/27/07,86391,Sockeye,420,Kenai River (late-run sockeye),40
2007,7/28/07,61585,Sockeye,420,Kenai River (late-run sockeye),40
2007,7/29/07,45137,Sockeye,420,Kenai River (late-run sockeye),40
2007,7/30/07,28283,Sockeye,420,Kenai River (late-run sockeye),40
2007,7/31/07,27691,Sockeye,420,Kenai River (late-run sockeye),40
2007,8/1/07,28326,Sockeye,420,Kenai River (late-run sockeye),40
2007,8/2/07,20593,Sockeye,420,Kenai River (late-run sockeye),40
2007,8/3/07,12143,Sockeye,420,Kenai River (late-run sockeye),40
2007,8/4/07,17362,Sockeye,420,Kenai River (late-run sockeye),40
2007,8/5/07,25757,Sockeye,420,Kenai River (late-run sockeye),40
2007,8/6/07,32854,Sockeye,420,Kenai River (late-run sockeye),40
2007,8/7/07,21748,Sockeye,420,Kenai River (late-run sockeye),40
2007,8/8/07,18349,Sockeye,420,Kenai River (late-run sockeye),40
2007,8/9/07,34253,Sockeye,420,Kenai River (late-run sockeye),40
2007,8/10/07,19675,Sockeye,420,Kenai River (late-run sockeye),40
2007,8/11/07,30429,Sockeye,420,Kenai River (late-run sockeye),40
2007,8/12/07,31055,Sockeye,420,Kenai River (late-run sockeye),40
2007,8/13/07,19874,Sockeye,420,Kenai River (late-run sockeye),40
2007,8/14/07,14697,Sockeye,420,Kenai River (late-run sockeye),40
2007,8/15/07,14879,Sockeye,420,Kenai River (late-run sockeye),40
2007,8/16/07,13826,Sockeye,420,Kenai River (late-run sockeye),40
2007,8/17/07,13186,Sockeye,420,Kenai River (late-run sockeye),40
2007,8/18/07,11728,Sockeye,420,Kenai River (late-run sockeye),40
2007,8/19/07,15294,Sockeye,420,Kenai River (late-run sockeye),40
2007,8/20/07,14741,Sockeye,420,Kenai River (late-run sockeye),40
2007,8/21/07,9222,Sockeye,420,Kenai River (late-run sockeye),40
2007,8/22/07,8829,Sockeye,420,Kenai River (late-run sockeye),40
2007,8/23/07,9161,Sockeye,420,Kenai River (late-run sockeye),40
2006,7/1/06,2205,Sockeye,420,Kenai River (late-run sockeye),40
2006,7/2/06,3477,Sockeye,420,Kenai River (late-run sockeye),40
2006,7/3/06,3207,Sockeye,420,Kenai River (late-run sockeye),40
2006,7/4/06,3364,Sockeye,420,Kenai River (late-run sockeye),40
2006,7/5/06,3705,Sockeye,420,Kenai River (late-run sockeye),40
2006,7/6/06,4454,Sockeye,420,Kenai River (late-run sockeye),40
2006,7/7/06,4464,Sockeye,420,Kenai River (late-run sockeye),40
2006,7/8/06,3815,Sockeye,420,Kenai River (late-run sockeye),40
2006,7/9/06,4790,Sockeye,420,Kenai River (late-run sockeye),40
2006,7/10/06,5402,Sockeye,420,Kenai River (late-run sockeye),40
2006,7/11/06,3860,Sockeye,420,Kenai River (late-run sockeye),40
2006,7/12/06,2459,Sockeye,420,Kenai River (late-run sockeye),40
2006,7/13/06,3506,Sockeye,420,Kenai River (late-run sockeye),40
2006,7/14/06,2559,Sockeye,420,Kenai River (late-run sockeye),40
2006,7/15/06,5424,Sockeye,420,Kenai River (late-run sockeye),40
2006,7/16/06,17787,Sockeye,420,Kenai River (late-run sockeye),40
2006,7/17/06,20746,Sockeye,420,Kenai River (late-run sockeye),40
2006,7/18/06,12142,Sockeye,420,Kenai River (late-run sockeye),40
2006,7/19/06,8202,Sockeye,420,Kenai River (late-run sockeye),40
2006,7/20/06,10270,Sockeye,420,Kenai River (late-run sockeye),40
2006,7/21/06,21602,Sockeye,420,Kenai River (late-run sockeye),40
2006,7/22/06,45539,Sockeye,420,Kenai River (late-run sockeye),40
2006,7/23/06,47696,Sockeye,420,Kenai River (late-run sockeye),40
2006,7/24/06,61765,Sockeye,420,Kenai River (late-run sockeye),40
2006,7/25/06,71509,Sockeye,420,Kenai River (late-run sockeye),40
2006,7/26/06,117851,Sockeye,420,Kenai River (late-run sockeye),40
2006,7/27/06,79163,Sockeye,420,Kenai River (late-run sockeye),40
2006,7/28/06,83077,Sockeye,420,Kenai River (late-run sockeye),40
2006,7/29/06,94354,Sockeye,420,Kenai River (late-run sockeye),40
2006,7/30/06,81619,Sockeye,420,Kenai River (late-run sockeye),40
2006,7/31/06,67965,Sockeye,420,Kenai River (late-run sockeye),40
2006,8/1/06,82851,Sockeye,420,Kenai River (late-run sockeye),40
2006,8/2/06,67842,Sockeye,420,Kenai River (late-run sockeye),40
2006,8/3/06,56983,Sockeye,420,Kenai River (late-run sockeye),40
2006,8/4/06,60613,Sockeye,420,Kenai River (late-run sockeye),40
2006,8/5/06,64420,Sockeye,420,Kenai River (late-run sockeye),40
2006,8/6/06,41705,Sockeye,420,Kenai River (late-run sockeye),40
2006,8/7/06,29977,Sockeye,420,Kenai River (late-run sockeye),40
2006,8/8/06,18917,Sockeye,420,Kenai River (late-run sockeye),40
2006,8/9/06,18058,Sockeye,420,Kenai River (late-run sockeye),40
2006,8/10/06,14721,Sockeye,420,Kenai River (late-run sockeye),40
2006,8/11/06,20004,Sockeye,420,Kenai River (late-run sockeye),40
2006,8/12/06,32855,Sockeye,420,Kenai River (late-run sockeye),40
2006,8/13/06,28378,Sockeye,420,Kenai River (late-run sockeye),40
2006,8/14/06,26974,Sockeye,420,Kenai River (late-run sockeye),40
2006,8/15/06,41903,Sockeye,420,Kenai River (late-run sockeye),40
2006,8/16/06,48630,Sockeye,420,Kenai River (late-run sockeye),40
2006,8/17/06,43874,Sockeye,420,Kenai River (late-run sockeye),40
2006,8/18/06,43833,Sockeye,420,Kenai River (late-run sockeye),40
2006,8/19/06,51219,Sockeye,420,Kenai River (late-run sockeye),40
2006,8/20/06,50024,Sockeye,420,Kenai River (late-run sockeye),40
2006,8/21/06,33606,Sockeye,420,Kenai River (late-run sockeye),40
2006,8/22/06,45067,Sockeye,420,Kenai River (late-run sockeye),40
2006,8/23/06,39516,Sockeye,420,Kenai River (late-run sockeye),40
2006,8/24/06,28248,Sockeye,420,Kenai River (late-run sockeye),40
2006,8/25/06,29981,Sockeye,420,Kenai River (late-run sockeye),40
2006,8/26/06,31651,Sockeye,420,Kenai River (late-run sockeye),40
2006,8/27/06,37785,Sockeye,420,Kenai River (late-run sockeye),40
2006,8/28/06,33443,Sockeye,420,Kenai River (late-run sockeye),40
2006,8/29/06,21041,Sockeye,420,Kenai River (late-run sockeye),40
2006,8/30/06,13928,Sockeye,420,Kenai River (late-run sockeye),40
2006,8/31/06,8701,Sockeye,420,Kenai River (late-run sockeye),40
2005,7/1/05,7309,Sockeye,420,Kenai River (late-run sockeye),40
2005,7/2/05,10932,Sockeye,420,Kenai River (late-run sockeye),40
2005,7/3/05,10256,Sockeye,420,Kenai River (late-run sockeye),40
2005,7/4/05,16324,Sockeye,420,Kenai River (late-run sockeye),40
2005,7/5/05,18783,Sockeye,420,Kenai River (late-run sockeye),40
2005,7/6/05,16744,Sockeye,420,Kenai River (late-run sockeye),40
2005,7/7/05,13585,Sockeye,420,Kenai River (late-run sockeye),40
2005,7/8/05,16764,Sockeye,420,Kenai River (late-run sockeye),40
2005,7/9/05,38430,Sockeye,420,Kenai River (late-run sockeye),40
2005,7/10/05,31391,Sockeye,420,Kenai River (late-run sockeye),40
2005,7/11/05,51221,Sockeye,420,Kenai River (late-run sockeye),40
2005,7/12/05,69073,Sockeye,420,Kenai River (late-run sockeye),40
2005,7/13/05,36852,Sockeye,420,Kenai River (late-run sockeye),40
2005,7/14/05,22393,Sockeye,420,Kenai River (late-run sockeye),40
2005,7/15/05,19470,Sockeye,420,Kenai River (late-run sockeye),40
2005,7/16/05,61502,Sockeye,420,Kenai River (late-run sockeye),40
2005,7/17/05,85763,Sockeye,420,Kenai River (late-run sockeye),40
2005,7/18/05,69808,Sockeye,420,Kenai River (late-run sockeye),40
2005,7/19/05,104840,Sockeye,420,Kenai River (late-run sockeye),40
2005,7/20/05,49894,Sockeye,420,Kenai River (late-run sockeye),40
2005,7/21/05,28576,Sockeye,420,Kenai River (late-run sockeye),40
2005,7/22/05,34559,Sockeye,420,Kenai River (late-run sockeye),40
2005,7/23/05,73138,Sockeye,420,Kenai River (late-run sockeye),40
2005,7/24/05,77700,Sockeye,420,Kenai River (late-run sockeye),40
2005,7/25/05,41396,Sockeye,420,Kenai River (late-run sockeye),40
2005,7/26/05,25734,Sockeye,420,Kenai River (late-run sockeye),40
2005,7/27/05,16085,Sockeye,420,Kenai River (late-run sockeye),40
2005,7/28/05,12367,Sockeye,420,Kenai River (late-run sockeye),40
2005,7/29/05,17978,Sockeye,420,Kenai River (late-run sockeye),40
2005,7/30/05,43637,Sockeye,420,Kenai River (late-run sockeye),40
2005,7/31/05,51222,Sockeye,420,Kenai River (late-run sockeye),40
2005,8/1/05,34629,Sockeye,420,Kenai River (late-run sockeye),40
2005,8/2/05,21071,Sockeye,420,Kenai River (late-run sockeye),40
2005,8/3/05,29974,Sockeye,420,Kenai River (late-run sockeye),40
2005,8/4/05,24343,Sockeye,420,Kenai River (late-run sockeye),40
2005,8/5/05,21373,Sockeye,420,Kenai River (late-run sockeye),40
2005,8/6/05,51304,Sockeye,420,Kenai River (late-run sockeye),40
2005,8/7/05,47135,Sockeye,420,Kenai River (late-run sockeye),40
2005,8/8/05,19015,Sockeye,420,Kenai River (late-run sockeye),40
2005,8/9/05,15499,Sockeye,420,Kenai River (late-run sockeye),40
2005,8/10/05,13310,Sockeye,420,Kenai River (late-run sockeye),40
2005,8/11/05,20233,Sockeye,420,Kenai River (late-run sockeye),40
2005,8/12/05,72510,Sockeye,420,Kenai River (late-run sockeye),40
2005,8/13/05,84546,Sockeye,420,Kenai River (late-run sockeye),40
2005,8/14/05,52614,Sockeye,420,Kenai River (late-run sockeye),40
2005,8/15/05,59671,Sockeye,420,Kenai River (late-run sockeye),40
2005,8/16/05,56553,Sockeye,420,Kenai River (late-run sockeye),40
2005,8/17/05,38288,Sockeye,420,Kenai River (late-run sockeye),40
2005,8/18/05,22607,Sockeye,420,Kenai River (late-run sockeye),40
2005,8/19/05,12300,Sockeye,420,Kenai River (late-run sockeye),40
2005,8/20/05,21648,Sockeye,420,Kenai River (late-run sockeye),40
2005,8/21/05,16474,Sockeye,420,Kenai River (late-run sockeye),40
2004,7/1/04,4351,Sockeye,420,Kenai River (late-run sockeye),40
2004,7/2/04,4692,Sockeye,420,Kenai River (late-run sockeye),40
2004,7/3/04,4918,Sockeye,420,Kenai River (late-run sockeye),40
2004,7/4/04,3049,Sockeye,420,Kenai River (late-run sockeye),40
2004,7/5/04,2424,Sockeye,420,Kenai River (late-run sockeye),40
2004,7/6/04,2698,Sockeye,420,Kenai River (late-run sockeye),40
2004,7/7/04,5201,Sockeye,420,Kenai River (late-run sockeye),40
2004,7/8/04,8512,Sockeye,420,Kenai River (late-run sockeye),40
2004,7/9/04,3837,Sockeye,420,Kenai River (late-run sockeye),40
2004,7/10/04,3652,Sockeye,420,Kenai River (late-run sockeye),40
2004,7/11/04,2900,Sockeye,420,Kenai River (late-run sockeye),40
2004,7/12/04,4202,Sockeye,420,Kenai River (late-run sockeye),40
2004,7/13/04,8323,Sockeye,420,Kenai River (late-run sockeye),40
2004,7/14/04,161938,Sockeye,420,Kenai River (late-run sockeye),40
2004,7/15/04,196873,Sockeye,420,Kenai River (late-run sockeye),40
2004,7/16/04,135114,Sockeye,420,Kenai River (late-run sockeye),40
2004,7/17/04,70036,Sockeye,420,Kenai River (late-run sockeye),40
2004,7/18/04,46195,Sockeye,420,Kenai River (late-run sockeye),40
2004,7/19/04,29486,Sockeye,420,Kenai River (late-run sockeye),40
2004,7/20/04,14502,Sockeye,420,Kenai River (late-run sockeye),40
2004,7/21/04,43358,Sockeye,420,Kenai River (late-run sockeye),40
2004,7/22/04,134930,Sockeye,420,Kenai River (late-run sockeye),40
2004,7/23/04,41432,Sockeye,420,Kenai River (late-run sockeye),40
2004,7/24/04,45293,Sockeye,420,Kenai River (late-run sockeye),40
2004,7/25/04,48941,Sockeye,420,Kenai River (late-run sockeye),40
2004,7/26/04,57938,Sockeye,420,Kenai River (late-run sockeye),40
2004,7/27/04,50617,Sockeye,420,Kenai River (late-run sockeye),40
2004,7/28/04,58521,Sockeye,420,Kenai River (late-run sockeye),40
2004,7/29/04,50287,Sockeye,420,Kenai River (late-run sockeye),40
2004,7/30/04,35587,Sockeye,420,Kenai River (late-run sockeye),40
2004,7/31/04,27487,Sockeye,420,Kenai River (late-run sockeye),40
2004,8/1/04,19046,Sockeye,420,Kenai River (late-run sockeye),40
2004,8/2/04,25453,Sockeye,420,Kenai River (late-run sockeye),40
2004,8/3/04,56404,Sockeye,420,Kenai River (late-run sockeye),40
2004,8/4/04,62422,Sockeye,420,Kenai River (late-run sockeye),40
2004,8/5/04,40836,Sockeye,420,Kenai River (late-run sockeye),40
2004,8/6/04,37892,Sockeye,420,Kenai River (late-run sockeye),40
2004,8/7/04,28780,Sockeye,420,Kenai River (late-run sockeye),40
2004,8/8/04,15914,Sockeye,420,Kenai River (late-run sockeye),40
2004,8/9/04,40826,Sockeye,420,Kenai River (late-run sockeye),40
2004,8/10/04,63734,Sockeye,420,Kenai River (late-run sockeye),40
2004,8/11/04,59523,Sockeye,420,Kenai River (late-run sockeye),40
2004,8/12/04,62639,Sockeye,420,Kenai River (late-run sockeye),40
2004,8/13/04,40455,Sockeye,420,Kenai River (late-run sockeye),40
2004,8/14/04,27387,Sockeye,420,Kenai River (late-run sockeye),40
2004,8/15/04,21273,Sockeye,420,Kenai River (late-run sockeye),40
2004,8/16/04,13077,Sockeye,420,Kenai River (late-run sockeye),40
2004,8/17/04,13941,Sockeye,420,Kenai River (late-run sockeye),40
2004,8/18/04,8487,Sockeye,420,Kenai River (late-run sockeye),40
